 ,rouge 1,rouge2,rouge3,rouge4,rougeL,bleu,chrf,meteor
relevance,0.061374815967634506,0.17921446262549276,0.20306321391895998,0.1909379987540308,0.18576110966204046,0.26879093937928,0.21323536528265066,0.17565365339375438
coherence,-0.0631666149604969,-0.013945876030239574,0.02068731353056805,-0.021668841183797083,-0.002461036946512866,0.09418559959567681,0.2366925068100052,0.09254758916792591
